{"cameraMode":{"drawMode":0,"name":"Shaded","section":"Shading Mode"},"sceneLighting":true,"audioPlay":false,"sceneViewState":{"m_AlwaysRefresh":false,"showFog":true,"showSkybox":true,"showFlares":true,"showImageEffects":true,"showParticleSystems":true,"showVisualEffectGraphs":true,"m_FxEnabled":true},"in2DMode":false,"pivot":{"x":-7.572290420532227,"y":-1.9940881729125977,"z":24.38384246826172},"rotation":{"x":0.16458867490291596,"y":-0.15408354997634889,"z":0.026028718799352647,"w":0.9739392995834351},"size":22.216934204101564,"orthographic":false}