{"cameraMode":{"drawMode":0,"name":"Shaded","section":"Shading Mode"},"sceneLighting":true,"audioPlay":false,"sceneViewState":{"m_AlwaysRefresh":false,"showFog":true,"showSkybox":true,"showFlares":true,"showImageEffects":true,"showParticleSystems":true,"showVisualEffectGraphs":true,"m_FxEnabled":true},"in2DMode":false,"pivot":{"x":16.220983505249025,"y":-17.234676361083986,"z":15.219680786132813},"rotation":{"x":0.32546380162239077,"y":0.3191497325897217,"z":-0.11774967610836029,"w":0.8822779059410095},"size":17.06028938293457,"orthographic":false}