{"cameraMode":{"drawMode":0,"name":"Shaded","section":"Shading Mode"},"sceneLighting":true,"audioPlay":false,"sceneViewState":{"m_AlwaysRefresh":false,"showFog":true,"showSkybox":true,"showFlares":true,"showImageEffects":true,"showParticleSystems":true,"showVisualEffectGraphs":true,"m_FxEnabled":true},"in2DMode":false,"pivot":{"x":7.5111799240112309,"y":0.4972085952758789,"z":-3.710664749145508},"rotation":{"x":0.04170875996351242,"y":0.9269028902053833,"z":-0.35716962814331057,"w":0.10808289051055908},"size":6.148789405822754,"orthographic":false}