{"cameraMode":{"drawMode":0,"name":"Shaded","section":"Shading Mode"},"sceneLighting":true,"audioPlay":false,"sceneViewState":{"m_AlwaysRefresh":false,"showFog":true,"showSkybox":true,"showFlares":true,"showImageEffects":true,"showParticleSystems":true,"showVisualEffectGraphs":true,"m_FxEnabled":true},"in2DMode":false,"pivot":{"x":15.878423690795899,"y":-31.88202667236328,"z":28.045215606689454},"rotation":{"x":0.35908445715904238,"y":0.2617228031158447,"z":-0.10581725090742111,"w":0.8904014229774475},"size":27.916820526123048,"orthographic":false}