{"cameraMode":{"drawMode":0,"name":"Shaded","section":"Shading Mode"},"sceneLighting":true,"audioPlay":false,"sceneViewState":{"m_AlwaysRefresh":false,"showFog":true,"showSkybox":true,"showFlares":true,"showImageEffects":true,"showParticleSystems":true,"showVisualEffectGraphs":true,"m_FxEnabled":true},"in2DMode":false,"pivot":{"x":23.35044288635254,"y":-21.990314483642579,"z":28.164817810058595},"rotation":{"x":0.24587686359882356,"y":0.3415493667125702,"z":-0.09297800809144974,"w":0.9031282067298889},"size":24.562795639038087,"orthographic":false}