{"cameraMode":{"drawMode":0,"name":"Shaded","section":"Shading Mode"},"sceneLighting":false,"audioPlay":false,"sceneViewState":{"m_AlwaysRefresh":false,"showFog":true,"showSkybox":false,"showFlares":true,"showImageEffects":true,"showParticleSystems":true,"showVisualEffectGraphs":true,"m_FxEnabled":true},"in2DMode":false,"pivot":{"x":0.5598567724227905,"y":0.44897395372390749,"z":0.5676596760749817},"rotation":{"x":0.4122847616672516,"y":0.10231487452983856,"z":-0.047776348888874057,"w":0.9044656157493591},"size":0.8176662921905518,"orthographic":false}