{"cameraMode":{"drawMode":0,"name":"Shaded","section":"Shading Mode"},"sceneLighting":false,"audioPlay":false,"sceneViewState":{"m_AlwaysRefresh":false,"showFog":true,"showSkybox":false,"showFlares":true,"showImageEffects":true,"showParticleSystems":true,"showVisualEffectGraphs":true,"m_FxEnabled":true},"in2DMode":false,"pivot":{"x":1.8853830099105836,"y":-1.3974153995513917,"z":2.202291250228882},"rotation":{"x":-0.3329876959323883,"y":-0.12539644539356233,"z":0.044666413217782977,"w":-0.9335677623748779},"size":2.6281895637512209,"orthographic":false}