{"cameraMode":{"drawMode":0,"name":"Shaded","section":"Shading Mode"},"sceneLighting":false,"audioPlay":false,"sceneViewState":{"m_AlwaysRefresh":false,"showFog":true,"showSkybox":false,"showFlares":true,"showImageEffects":true,"showParticleSystems":true,"showVisualEffectGraphs":true,"m_FxEnabled":true},"in2DMode":false,"pivot":{"x":1.1940617561340333,"y":0.8520980477333069,"z":2.274393081665039},"rotation":{"x":0.06282059103250504,"y":-0.9209672808647156,"z":0.16462497413158418,"w":0.34947916865348818},"size":0.7810250520706177,"orthographic":false}